ID,問題集ID,問題ID,問題集の中での問題の順番,削除フラグ,登録日時,修正日時
id,collected_id,question_id,sort_id,deleted,created_ts,modified_ts
1,1,1,1,0,2017-12-27 12:24:12,2017-12-27 12:24:12
2,1,2,2,0,2017-12-27 12:24:12,2017-12-27 12:24:12
3,1,3,3,0,2017-12-27 12:24:12,2017-12-27 12:24:12
4,1,4,4,0,2017-12-27 12:24:12,2017-12-27 12:24:12
5,1,5,5,0,2017-12-27 12:24:12,2017-12-27 12:24:12
6,1,6,6,0,2017-12-27 12:24:12,2017-12-27 12:24:12
7,1,7,7,0,2017-12-27 12:24:12,2017-12-27 12:24:12
8,1,8,8,0,2017-12-27 12:24:12,2017-12-27 12:24:12
9,1,9,9,0,2017-12-27 12:24:12,2017-12-27 12:24:12
10,1,10,10,0,2017-12-27 12:24:12,2017-12-27 12:24:12
11,1,11,11,0,2017-12-27 12:24:12,2017-12-27 12:24:12
12,1,12,12,0,2017-12-27 12:24:12,2017-12-27 12:24:12
13,1,13,13,0,2017-12-27 12:24:12,2017-12-27 12:24:12
14,1,14,14,0,2017-12-27 12:24:12,2017-12-27 12:24:12
15,1,15,15,0,2017-12-27 12:24:12,2017-12-27 12:24:12
16,1,16,16,0,2017-12-27 12:24:12,2017-12-27 12:24:12
17,1,17,17,0,2017-12-27 12:24:12,2017-12-27 12:24:12
18,1,18,18,0,2017-12-27 12:24:12,2017-12-27 12:24:12
19,1,19,19,0,2017-12-27 12:24:12,2017-12-27 12:24:12
20,1,20,20,0,2017-12-27 12:24:12,2017-12-27 12:24:12
21,1,21,21,0,2017-12-27 12:24:12,2017-12-27 12:24:12
22,1,22,22,0,2017-12-27 12:24:12,2017-12-27 12:24:12
23,1,23,23,0,2017-12-27 12:24:12,2017-12-27 12:24:12
24,1,24,24,0,2017-12-27 12:24:12,2017-12-27 12:24:12
25,1,25,25,0,2017-12-27 12:24:12,2017-12-27 12:24:12
26,1,26,26,0,2017-12-27 12:24:12,2017-12-27 12:24:12
27,1,27,27,0,2017-12-27 12:24:12,2017-12-27 12:24:12
28,1,28,28,0,2017-12-27 12:24:12,2017-12-27 12:24:12
29,1,29,29,0,2017-12-27 12:24:12,2017-12-27 12:24:12
30,1,30,30,0,2017-12-27 12:24:12,2017-12-27 12:24:12
31,1,31,31,0,2017-12-27 12:24:12,2017-12-27 12:24:12
32,1,32,32,0,2017-12-27 12:24:12,2017-12-27 12:24:12
33,1,33,33,0,2017-12-27 12:24:12,2017-12-27 12:24:12
34,1,34,34,0,2017-12-27 12:24:12,2017-12-27 12:24:12
35,1,35,35,0,2017-12-27 12:24:12,2017-12-27 12:24:12
36,1,36,36,0,2017-12-27 12:24:12,2017-12-27 12:24:12
37,1,37,37,0,2017-12-27 12:24:12,2017-12-27 12:24:12
38,1,38,38,0,2017-12-27 12:24:12,2017-12-27 12:24:12
39,1,39,39,0,2017-12-27 12:24:12,2017-12-27 12:24:12
40,1,40,40,0,2017-12-27 12:24:12,2017-12-27 12:24:12
41,1,41,41,0,2017-12-27 12:24:12,2017-12-27 12:24:12
42,1,42,42,0,2017-12-27 12:24:12,2017-12-27 12:24:12
43,1,43,43,0,2017-12-27 12:24:12,2017-12-27 12:24:12
44,1,44,44,0,2017-12-27 12:24:12,2017-12-27 12:24:12
45,1,45,45,0,2017-12-27 12:24:12,2017-12-27 12:24:12
46,1,46,46,0,2018-03-17 16:02:50,2018-03-17 16:02:50
47,1,47,47,0,2018-03-17 16:02:50,2018-03-17 16:02:50
48,1,48,48,0,2018-03-17 16:02:50,2018-03-17 16:02:50
49,1,49,49,0,2018-03-17 16:02:50,2018-03-17 16:02:50
50,1,50,50,0,2018-03-17 16:02:50,2018-03-17 16:02:50
51,1,51,51,0,2018-03-17 16:02:50,2018-03-17 16:02:50
52,1,52,52,0,2018-03-17 16:02:50,2018-03-17 16:02:50
53,1,53,53,0,2018-03-17 16:02:50,2018-03-17 16:02:50
54,1,54,54,0,2018-03-17 16:02:50,2018-03-17 16:02:50
55,1,55,55,0,2018-03-17 16:02:50,2018-03-17 16:02:50
56,1,56,56,0,2018-03-17 16:02:50,2018-03-17 16:02:50
57,1,57,57,0,2018-03-17 16:02:50,2018-03-17 16:02:50
58,1,58,58,0,2018-03-17 16:02:50,2018-03-17 16:02:50
59,1,59,59,0,2018-03-17 16:02:50,2018-03-17 16:02:50
60,1,60,60,0,2018-03-17 16:02:50,2018-03-17 16:02:50
61,1,61,61,0,2018-05-12 13:49:43,2018-05-12 13:49:43
62,1,62,62,0,2018-05-12 13:49:43,2018-05-12 13:49:43
63,1,63,63,0,2018-05-12 13:49:43,2018-05-12 13:49:43
64,1,64,64,0,2018-05-12 13:49:43,2018-05-12 13:49:43
65,1,65,65,0,2018-05-12 13:49:43,2018-05-12 13:49:43
66,1,66,66,0,2018-05-12 13:49:43,2018-05-12 13:49:43
67,1,67,67,0,2018-05-12 13:49:43,2018-05-12 13:49:43
68,1,68,68,0,2018-05-12 13:49:43,2018-05-12 13:49:43
69,1,69,69,0,2018-05-12 13:49:43,2018-05-12 13:49:43
70,1,70,70,0,2018-05-12 13:49:43,2018-05-12 13:49:43
71,1,71,71,0,2018-05-12 13:49:43,2018-05-12 13:49:43
72,1,72,72,0,2018-05-12 13:49:43,2018-05-12 13:49:43
73,1,73,73,0,2018-05-12 13:49:43,2018-05-12 13:49:43
74,1,74,74,0,2018-05-12 13:49:43,2018-05-12 13:49:43
75,1,75,75,0,2018-05-12 13:49:43,2018-05-12 13:49:43
76,2,1,1,0,2017-12-27 12:24:12,2017-12-27 12:24:12
77,2,2,2,0,2017-12-27 12:24:12,2017-12-27 12:24:12
78,2,3,3,0,2017-12-27 12:24:12,2017-12-27 12:24:12
79,2,4,4,0,2017-12-27 12:24:12,2017-12-27 12:24:12
80,2,5,5,0,2017-12-27 12:24:12,2017-12-27 12:24:12
81,2,6,6,0,2017-12-27 12:24:12,2017-12-27 12:24:12
82,2,7,7,0,2017-12-27 12:24:12,2017-12-27 12:24:12
83,2,8,8,0,2017-12-27 12:24:12,2017-12-27 12:24:12
84,2,9,9,0,2017-12-27 12:24:12,2017-12-27 12:24:12
85,2,10,10,0,2017-12-27 12:24:12,2017-12-27 12:24:12
86,3,11,1,0,2017-12-27 12:24:12,2017-12-27 12:24:12
87,3,12,2,0,2017-12-27 12:24:12,2017-12-27 12:24:12
88,3,13,3,0,2017-12-27 12:24:12,2017-12-27 12:24:12
89,3,14,4,0,2017-12-27 12:24:12,2017-12-27 12:24:12
90,3,15,5,0,2017-12-27 12:24:12,2017-12-27 12:24:12
91,4,16,1,0,2017-12-27 12:24:12,2017-12-27 12:24:12
92,4,17,2,0,2017-12-27 12:24:12,2017-12-27 12:24:12
93,4,18,3,0,2017-12-27 12:24:12,2017-12-27 12:24:12
94,4,19,4,0,2017-12-27 12:24:12,2017-12-27 12:24:12
95,4,20,5,0,2017-12-27 12:24:12,2017-12-27 12:24:12
96,4,21,6,0,2017-12-27 12:24:12,2017-12-27 12:24:12
97,4,22,7,0,2017-12-27 12:24:12,2017-12-27 12:24:12
98,4,23,8,0,2017-12-27 12:24:12,2017-12-27 12:24:12
99,4,24,9,0,2017-12-27 12:24:12,2017-12-27 12:24:12
100,4,25,10,0,2017-12-27 12:24:12,2017-12-27 12:24:12
101,5,26,1,0,2017-12-27 12:24:12,2017-12-27 12:24:12
102,5,27,2,0,2017-12-27 12:24:12,2017-12-27 12:24:12
103,5,28,3,0,2017-12-27 12:24:12,2017-12-27 12:24:12
104,5,29,4,0,2017-12-27 12:24:12,2017-12-27 12:24:12
105,5,30,5,0,2017-12-27 12:24:12,2017-12-27 12:24:12
106,5,31,6,0,2017-12-27 12:24:12,2017-12-27 12:24:12
107,5,32,7,0,2017-12-27 12:24:12,2017-12-27 12:24:12
108,5,33,8,0,2017-12-27 12:24:12,2017-12-27 12:24:12
109,5,34,9,0,2017-12-27 12:24:12,2017-12-27 12:24:12
110,5,35,10,0,2017-12-27 12:24:12,2017-12-27 12:24:12
111,6,36,1,0,2017-12-27 12:24:12,2017-12-27 12:24:12
112,6,37,2,0,2017-12-27 12:24:12,2017-12-27 12:24:12
113,6,38,3,0,2017-12-27 12:24:12,2017-12-27 12:24:12
114,6,39,4,0,2017-12-27 12:24:12,2017-12-27 12:24:12
115,6,40,5,0,2017-12-27 12:24:12,2017-12-27 12:24:12
116,6,41,6,0,2017-12-27 12:24:12,2017-12-27 12:24:12
117,6,42,7,0,2017-12-27 12:24:12,2017-12-27 12:24:12
118,6,43,8,0,2017-12-27 12:24:12,2017-12-27 12:24:12
119,6,44,9,0,2017-12-27 12:24:12,2017-12-27 12:24:12
120,6,45,10,0,2017-12-27 12:24:12,2017-12-27 12:24:12
121,7,46,1,0,2018-03-17 16:02:50,2018-03-17 16:02:50
122,7,47,2,0,2018-03-17 16:02:50,2018-03-17 16:02:50
123,7,48,3,0,2018-03-17 16:02:50,2018-03-17 16:02:50
124,7,49,4,0,2018-03-17 16:02:50,2018-03-17 16:02:50
125,7,50,5,0,2018-03-17 16:02:50,2018-03-17 16:02:50
126,7,51,6,0,2018-03-17 16:02:50,2018-03-17 16:02:50
127,7,52,7,0,2018-03-17 16:02:50,2018-03-17 16:02:50
128,7,53,8,0,2018-03-17 16:02:50,2018-03-17 16:02:50
129,7,54,9,0,2018-03-17 16:02:50,2018-03-17 16:02:50
130,7,55,10,0,2018-03-17 16:02:50,2018-03-17 16:02:50
131,7,56,11,0,2018-03-17 16:02:50,2018-03-17 16:02:50
132,7,57,12,0,2018-03-17 16:02:50,2018-03-17 16:02:50
133,7,58,13,0,2018-03-17 16:02:50,2018-03-17 16:02:50
134,7,59,14,0,2018-03-17 16:02:50,2018-03-17 16:02:50
135,7,60,15,0,2018-03-17 16:02:50,2018-03-17 16:02:50
136,8,61,1,0,2018-05-12 13:49:43,2018-05-12 13:49:43
137,8,62,2,0,2018-05-12 13:49:43,2018-05-12 13:49:43
138,8,63,3,0,2018-05-12 13:49:43,2018-05-12 13:49:43
139,8,64,4,0,2018-05-12 13:49:43,2018-05-12 13:49:43
140,8,65,5,0,2018-05-12 13:49:43,2018-05-12 13:49:43
141,8,66,6,0,2018-05-12 13:49:43,2018-05-12 13:49:43
142,8,67,7,0,2018-05-12 13:49:43,2018-05-12 13:49:43
143,8,68,8,0,2018-05-12 13:49:43,2018-05-12 13:49:43
144,8,69,9,0,2018-05-12 13:49:43,2018-05-12 13:49:43
145,8,70,10,0,2018-05-12 13:49:43,2018-05-12 13:49:43
146,8,71,11,0,2018-05-12 13:49:43,2018-05-12 13:49:43
147,8,72,12,0,2018-05-12 13:49:43,2018-05-12 13:49:43
148,8,73,13,0,2018-05-12 13:49:43,2018-05-12 13:49:43
149,8,74,14,0,2018-05-12 13:49:43,2018-05-12 13:49:43
150,8,75,15,0,2018-05-12 13:49:43,2018-05-12 13:49:43
151,9,76,1,0,2018-07-01 10:29:51,2018-07-01 10:29:51
152,9,77,2,0,2018-07-01 10:29:51,2018-07-01 10:29:51
153,9,78,3,0,2018-07-01 10:29:51,2018-07-01 10:29:51
154,9,79,4,0,2018-07-01 10:29:51,2018-07-01 10:29:51
155,9,80,5,0,2018-07-01 10:29:51,2018-07-01 10:29:51
156,9,73,6,0,2018-07-01 10:29:51,2018-07-01 10:29:51
157,9,57,7,0,2018-07-01 10:29:51,2018-07-01 10:29:51
158,9,55,8,0,2018-07-01 10:29:51,2018-07-01 10:29:51
159,9,60,9,0,2018-07-01 10:29:51,2018-07-01 10:29:51
160,9,70,10,0,2018-07-01 10:29:51,2018-07-01 10:29:51
161,10,81,1,0,2018-09-07 12:47:25,2018-09-07 12:47:25
162,10,82,2,0,2018-09-07 12:47:25,2018-09-07 12:47:25
163,10,83,3,0,2018-09-07 12:47:25,2018-09-07 12:47:25
164,10,84,4,0,2018-09-07 12:47:25,2018-09-07 12:47:25
165,10,85,5,0,2018-09-07 12:47:25,2018-09-07 12:47:25
166,10,51,6,0,2018-09-07 12:47:25,2018-09-07 12:47:25
167,10,86,7,0,2018-09-07 12:47:25,2018-09-07 12:47:25
168,10,87,8,0,2018-09-07 12:47:25,2018-09-07 12:47:25
169,10,88,9,0,2018-09-07 12:47:25,2018-09-07 12:47:25
170,10,89,10,0,2018-09-07 12:47:25,2018-09-07 12:47:25
