ID,問題ID,ヒントレベル,ヒント文面,削除フラグ,登録日時,修正日時
id,question_id,level,hint,deleted,created_ts,modified_ts
1,1,1,Webでシーザー暗号を調べよう,0,2017-12-27 12:24:12,2017-12-27 12:24:12
2,1,2,シーザー暗号は元のアルファベットをある規則に従って別のアルファベットに変換する暗号だ,0,2017-12-27 12:24:12,2017-12-27 12:24:12
3,1,3,シーザー暗号は元のアルファベットを3文字後ろのアルファベットに置き換えるんだ,0,2017-12-27 12:24:12,2017-12-27 12:24:12
4,1,4,aならd、bならe、cならfというように3文字後ろのアルファベットに変換する,0,2017-12-27 12:24:12,2017-12-27 12:24:12
5,1,5,Vwdb Kxqjubという文字列はシーザー暗号化されたものだから、アルファベットを3文字前にずらせば元の文字列がわかる。例えばVの3文字前はS、wの3文字前はtというように変換しよう。,0,2017-12-27 12:24:12,2017-12-27 12:24:12
6,2,1,高校生の頃に中退をして渡米を行っています,0,2017-12-27 12:24:12,2017-12-27 12:24:12
7,2,2,若い頃、慢性肝炎で生死をさまよった経験があります,0,2017-12-27 12:24:12,2017-12-27 12:24:12
8,2,3,坂本龍馬の大ファン,0,2017-12-27 12:24:12,2017-12-27 12:24:12
9,2,4,東日本大震災復興において多額の寄付を行っています,0,2017-12-27 12:24:12,2017-12-27 12:24:12
10,2,5,頭が薄いことをよくネタにします,0,2017-12-27 12:24:12,2017-12-27 12:24:12
11,3,1,まずはブラウザの機能でHTMLのソースを表示してみよう,0,2017-12-27 12:24:12,2017-12-27 12:24:12
12,3,2,右クリックでソースの表示を選択しよう,0,2017-12-27 12:24:12,2017-12-27 12:24:12
13,3,3,ソースの中をくまなく調べてみよう,0,2017-12-27 12:24:12,2017-12-27 12:24:12
14,3,4,ソースの中のHTMLのコメントアウト部分をよく見よう,0,2017-12-27 12:24:12,2017-12-27 12:24:12
15,3,5,真ん中あたりにidとpasswordが書いてあるぞ,0,2017-12-27 12:24:12,2017-12-27 12:24:12
16,4,1,言語学者でもあります,0,2017-12-27 12:24:12,2017-12-27 12:24:12
17,4,2,プログラマの三大美徳というものを唱え始めました,0,2017-12-27 12:24:12,2017-12-27 12:24:12
18,4,3,プログラミング Perl の共同著者です,0,2017-12-27 12:24:12,2017-12-27 12:24:12
19,4,4,まつもとゆきひろ氏が尊敬をしている人物です,0,2017-12-27 12:24:12,2017-12-27 12:24:12
20,4,5,とっても愛妻家,0,2017-12-27 12:24:12,2017-12-27 12:24:12
21,5,1,パスワードはシーザー暗号化されているのでまずは暗号化される前の文字列にもどそう,0,2017-12-27 12:24:12,2017-12-27 12:24:12
22,5,2,シーザー暗号がわからない人は問1のヒントを見よう,0,2017-12-27 12:24:12,2017-12-27 12:24:12
23,5,3,リストの先頭から順番にIDとパスワードを入力してみよう,0,2017-12-27 12:24:12,2017-12-27 12:24:12
24,5,4,正解のIDはサイトのどこかに隠されている,0,2017-12-27 12:24:12,2017-12-27 12:24:12
25,5,5,サイトからリンクされているid.jsを見てみよう,0,2017-12-27 12:24:12,2017-12-27 12:24:12
26,6,1,高校時代は友達が非常に少なかったらしいです,0,2017-12-27 12:24:12,2017-12-27 12:24:12
27,6,2,大学時代に「Coursematch」というサービスを開発しています,0,2017-12-27 12:24:12,2017-12-27 12:24:12
28,6,3,画像格付けサイト「Facemash.com」は女子学生の容姿を格付けする内容で大学から保護観察処分,0,2017-12-27 12:24:12,2017-12-27 12:24:12
29,6,4,いつも同じ服装である理由は仕事以外の意思決定を少なくしたいとのこと,0,2017-12-27 12:24:12,2017-12-27 12:24:12
30,6,5,名言「リスクを取らないことが一番のリスクだ」,0,2017-12-27 12:24:12,2017-12-27 12:24:12
31,7,1,サイトを改ざんするには現在表示されているページのHTMLを改ざんする必要がある,0,2017-12-27 12:24:12,2017-12-27 12:24:12
32,7,2,テキストボックスに入力された文字を送信するとHTMLの一部としてWebページに表示される,0,2017-12-27 12:24:12,2017-12-27 12:24:12
33,7,3,テキストボックスに特定の文字を入力して送信するとHTMLの一部としてページが表示される,0,2017-12-27 12:24:12,2017-12-27 12:24:12
34,7,4,HTMLとは<h1>タイトル</h1>みたいなタグで囲まれた構文を持つ,0,2017-12-27 12:24:12,2017-12-27 12:24:12
35,7,5,テキストボックスに適当なHTMLを入力してみよう,0,2017-12-27 12:24:12,2017-12-27 12:24:12
36,8,1,写真に埋め込まれた位置情報をExifというんだ,0,2017-12-27 12:24:12,2017-12-27 12:24:12
37,8,2,Exifの情報を調べるサイトがあるぞ,0,2017-12-27 12:24:12,2017-12-27 12:24:12
38,8,3,モスバーガーの写真をそのサイトで調べてみよう,0,2017-12-27 12:24:12,2017-12-27 12:24:12
39,8,4,位置情報がわかったらその場所をGoogle Mapsで調べてみよう,0,2017-12-27 12:24:12,2017-12-27 12:24:12
40,8,5,http:://exif-check.orgで位置情報を調べられるぞ,0,2017-12-27 12:24:12,2017-12-27 12:24:12
41,9,1,バイナリデータの中身をバイナリエディタで見てみよう,0,2017-12-27 12:24:12,2017-12-27 12:24:12
42,9,2,バイナリエディタはWindowsの人はBZ、Macの人はhexeditというツールがあるぞ,0,2017-12-27 12:24:12,2017-12-27 12:24:12
43,9,3,パスワードはプログラムの中に直接書かれている,0,2017-12-27 12:24:12,2017-12-27 12:24:12
44,9,4,バイナリデータの中のASCII表示のパスワードが隠れているかもしれない,0,2017-12-27 12:24:12,2017-12-27 12:24:12
45,9,5,パスワードはかなり簡単な文字列だ,0,2017-12-27 12:24:12,2017-12-27 12:24:12
46,10,1,次のヒントをみるしかない！,0,2017-12-27 12:24:12,2017-12-27 12:24:12
47,10,2,見当もつかないだろ？,0,2017-12-27 12:24:12,2017-12-27 12:24:12
48,10,3,告知HPの問題が解けた君ならできるはずだけどなぁ？,0,2017-12-27 12:24:12,2017-12-27 12:24:12
49,10,4,ソースコードを直接見るにはどうしたらいいんだっけ？,0,2017-12-27 12:24:12,2017-12-27 12:24:12
50,10,5,この辺を右クリックしたら、ソースコードがみれるだろ？,0,2017-12-27 12:24:12,2017-12-27 12:24:12
51,11,1,URL アドレスはネームサーバーに問い合わせているんだね,0,2017-12-27 12:24:12,2017-12-27 12:24:12
52,11,2,ネームサーバーに問い合わせると IP アドレスを教えてくれる,0,2017-12-27 12:24:12,2017-12-27 12:24:12
53,11,3,ネームサーバーに問い合わせコマンドがあるんだよ,0,2017-12-27 12:24:12,2017-12-27 12:24:12
54,11,4,ソースコードを直接見るにはどうしたらいいんだっけ？,0,2017-12-27 12:24:12,2017-12-27 12:24:12
55,11,5,web ブラウザの機能を使うか UNIX のコマンドかどちらかだね,0,2017-12-27 12:24:12,2017-12-27 12:24:12
56,12,1,最近はwebサーバーもいろんな種類がある,0,2017-12-27 12:24:12,2017-12-27 12:24:12
57,12,2,http ヘッダーに情報が隠されてるぞ,0,2017-12-27 12:24:12,2017-12-27 12:24:12
58,12,3,サイトにアクセスすれば必ず返却されているはずなんだ,0,2017-12-27 12:24:12,2017-12-27 12:24:12
59,12,4,おなじく、問い合わせるコマンドがあるぞ,0,2017-12-27 12:24:12,2017-12-27 12:24:12
60,12,5,やはりweb ブラウザの機能を使うか UNIX のコマンドかどちらかだね,0,2017-12-27 12:24:12,2017-12-27 12:24:12
61,13,1,これは検索すれば簡単ですね,0,2017-12-27 12:24:12,2017-12-27 12:24:12
62,13,2,世界で共通化されているみたいだね,0,2017-12-27 12:24:12,2017-12-27 12:24:12
63,13,3,UNIX時間ともいうみたいです,0,2017-12-27 12:24:12,2017-12-27 12:24:12
64,13,4,1970年,0,2017-12-27 12:24:12,2017-12-27 12:24:12
65,13,5,UNIX時間で検索してみよう,0,2017-12-27 12:24:12,2017-12-27 12:24:12
66,14,1,うるう年の法則を覚えているかい？,0,2017-12-27 12:24:12,2017-12-27 12:24:12
67,14,2,4年一度だけではない,0,2017-12-27 12:24:12,2017-12-27 12:24:12
68,14,3,100年に一度の例外だけでもない,0,2017-12-27 12:24:12,2017-12-27 12:24:12
69,14,4,400年に一度の例外もある,0,2017-12-27 12:24:12,2017-12-27 12:24:12
70,14,5,こういう計算こそプログラミングだ -> https://www.python.org/,0,2017-12-27 12:24:12,2017-12-27 12:24:12
71,15,1,日本語のコメントを読んでなにをしているかイメージしよう,0,2017-12-27 12:24:12,2017-12-27 12:24:12
72,15,2,**** は標準関数だ,0,2017-12-27 12:24:12,2017-12-27 12:24:12
73,15,3,条件に一致するデータを検索していて戻り値はリストになる,0,2017-12-27 12:24:12,2017-12-27 12:24:12
74,15,4,Perlは公式ドキュメントを日本語化されたものがある,0,2017-12-27 12:24:12,2017-12-27 12:24:12
75,15,5,Perldoc.jp,0,2017-12-27 12:24:12,2017-12-27 12:24:12
76,16,1,バイナリファイルといってもいろんな種類がある,0,2017-12-27 12:24:12,2017-12-27 12:24:12
77,16,2,今回用意したファイルは実行ファイルだ,0,2017-12-27 12:24:12,2017-12-27 12:24:12
78,16,3,Linux上で実行可能なファイルだ,0,2017-12-27 12:24:12,2017-12-27 12:24:12
79,16,4,バイナリファイルの種類を調べるコマンドがある,0,2017-12-27 12:24:12,2017-12-27 12:24:12
80,16,5,fileコマンドを使う,0,2017-12-27 12:24:12,2017-12-27 12:24:12
81,17,1,ユーザーがどういう値を入力すれば今回の不具合がおきるか考えよう,0,2017-12-27 12:24:12,2017-12-27 12:24:12
82,17,2,uid = $uidの部分が怪しいぞ,0,2017-12-27 12:24:12,2017-12-27 12:24:12
83,17,3,password = $passwordの部分が無視されれば良いんだね,0,2017-12-27 12:24:12,2017-12-27 12:24:12
84,17,4,uid = kusakabeとなれば良いんだね,0,2017-12-27 12:24:12,2017-12-27 12:24:12
85,17,5,kusakabe\'--,0,2017-12-27 12:24:12,2017-12-27 12:24:12
86,18,1,system関数は何をする関数か調べよう,0,2017-12-27 12:24:12,2017-12-27 12:24:12
87,18,2,system関数はOSのコマンドを実行する関数だ,0,2017-12-27 12:24:12,2017-12-27 12:24:12
88,18,3,ユーザー入力がそのままsystem関数に渡されているね,0,2017-12-27 12:24:12,2017-12-27 12:24:12
89,18,4,system関数に渡す引数にファイル一覧を表示するコマンドを渡せば良さそうだ,0,2017-12-27 12:24:12,2017-12-27 12:24:12
90,18,5,ls,0,2017-12-27 12:24:12,2017-12-27 12:24:12
91,19,1,愚直に1ビットずつ数えてみよう,0,2017-12-27 12:24:12,2017-12-27 12:24:12
92,19,2,ループを使って順番に処理しよう,0,2017-12-27 12:24:12,2017-12-27 12:24:12
93,19,3,ビット列の長さを取得してループで回そう,0,2017-12-27 12:24:12,2017-12-27 12:24:12
94,19,4,while文が使えそうだ,0,2017-12-27 12:24:12,2017-12-27 12:24:12
95,19,5,while文でビット列をループで回して1の場合数えるという処理をすればいけそう,0,2017-12-27 12:24:12,2017-12-27 12:24:12
96,20,1,まずは円板が1つの場合を考えてみよう,0,2017-12-27 12:24:12,2017-12-27 12:24:12
97,20,2,次に円板が2つの場合、3つの場合を考える,0,2017-12-27 12:24:12,2017-12-27 12:24:12
98,20,3,Bの棒に一番大きい円板を移すためには一旦Cの棒に一番大きい円板以外を移す必要がある,0,2017-12-27 12:24:12,2017-12-27 12:24:12
99,20,4,その後にCの棒からBの棒へ移動させる,0,2017-12-27 12:24:12,2017-12-27 12:24:12
100,20,5,ハノイの塔,0,2017-12-27 12:24:12,2017-12-27 12:24:12
101,21,1,Cookieとはブラウザに保存されているデータのことだ,0,2017-12-27 12:24:12,2017-12-27 12:24:12
102,21,2,CookieはHTTPヘッダを見れば分かる,0,2017-12-27 12:24:12,2017-12-27 12:24:12
103,21,3,HTTPヘッダはブラウザの開発者ツールを使えば見れる,0,2017-12-27 12:24:12,2017-12-27 12:24:12
104,21,4,開発者ツールを起動してCookieの項目を見よ,0,2017-12-27 12:24:12,2017-12-27 12:24:12
105,21,5,Cookieの名前はhackersから始まるぞ,0,2017-12-27 12:24:12,2017-12-27 12:24:12
106,22,1,IPアドレスはサーバー側でなければ取得できない,0,2017-12-27 12:24:12,2017-12-27 12:24:12
107,22,2,この例ではサーバー側のPHPでユーザーのIPアドレスを取得している,0,2017-12-27 12:24:12,2017-12-27 12:24:12
108,22,3,_SERVERは様々な値が格納されているPHPのグローバル変数である,0,2017-12-27 12:24:12,2017-12-27 12:24:12
109,22,4,$_SERVERの特定の値がユーザーのIPアドレスを表す,0,2017-12-27 12:24:12,2017-12-27 12:24:12
110,22,5,REMOTEから始まる,0,2017-12-27 12:24:12,2017-12-27 12:24:12
111,23,1,最初はノーマルモードという状態で起動する,0,2017-12-27 12:24:12,2017-12-27 12:24:12
112,23,2,iをおして挿入モードに切り替える,0,2017-12-27 12:24:12,2017-12-27 12:24:12
113,23,3,ESCを押すとノーマルモードに切り替わる,0,2017-12-27 12:24:12,2017-12-27 12:24:12
114,23,4,:を押すとコマンドモードに切り替わる,0,2017-12-27 12:24:12,2017-12-27 12:24:12
115,23,5,viと似ている,0,2017-12-27 12:24:12,2017-12-27 12:24:12
116,24,1,Googleが2009年に発表したプログラミング言語,0,2017-12-27 12:24:12,2017-12-27 12:24:12
117,24,2,C/C++を置き換えるために考えられたんだ,0,2017-12-27 12:24:12,2017-12-27 12:24:12
118,24,3,dockerというソフトウェアで使われており注目を浴びている,0,2017-12-27 12:24:12,2017-12-27 12:24:12
119,24,4,Googleという名前の中に言語名があるよ,0,2017-12-27 12:24:12,2017-12-27 12:24:12
120,24,5,golangと言われることもある,0,2017-12-27 12:24:12,2017-12-27 12:24:12
121,25,1,表示可能文字列というのはプログラムに埋め込まれたASCII文字のこと,0,2017-12-27 12:24:12,2017-12-27 12:24:12
122,25,2,バイナリファイルを調べてみよう,0,2017-12-27 12:24:12,2017-12-27 12:24:12
123,25,3,表示可能文字列を表示してくれる機能があるものを選ぼう,0,2017-12-27 12:24:12,2017-12-27 12:24:12
124,25,4,stringsというコマンドが使えるぞ,0,2017-12-27 12:24:12,2017-12-27 12:24:12
125,25,5,wc -lで行数を数えることができる,0,2017-12-27 12:24:12,2017-12-27 12:24:12
126,26,1,わからなければ何でも検索しよう,0,2017-12-27 12:24:12,2017-12-27 12:24:12
127,26,2,Googleで検索するのをオススメするよ,0,2017-12-27 12:24:12,2017-12-27 12:24:12
128,26,3,「世界最初の汎用電子式コンピュータ」で検索しよう,0,2017-12-27 12:24:12,2017-12-27 12:24:12
129,26,4,このURLに記載されてるよ  https://ja.wikipedia.org/wiki/ENIAC,0,2017-12-27 12:24:12,2017-12-27 12:24:12
130,26,5,E◯◯◯C　Eで始まりCで終わる言葉を探そう,0,2017-12-27 12:24:12,2017-12-27 12:24:12
131,27,1,わからなければ何でも検索しよう,0,2017-12-27 12:24:12,2017-12-27 12:24:12
132,27,2,Googleで検索するのをオススメするよ,0,2017-12-27 12:24:12,2017-12-27 12:24:12
133,27,3,「キャプテンクランチ」で検索しよう,0,2017-12-27 12:24:12,2017-12-27 12:24:12
134,27,4,このURLに記載されてるよ  http://www.gizmodo.jp/2011/09/10-hackers-who-made-history.html,0,2017-12-27 12:24:12,2017-12-27 12:24:12
135,27,5,キャプテンクランチというある食べ物のおまけ,0,2017-12-27 12:24:12,2017-12-27 12:24:12
136,28,1,わからなければ何でも検索しよう,0,2017-12-27 12:24:12,2017-12-27 12:24:12
137,28,2,Googleで検索するのをオススメするよ,0,2017-12-27 12:24:12,2017-12-27 12:24:12
138,28,3,「キャプテンクランチ ヘルツ」で検索しよう,0,2017-12-27 12:24:12,2017-12-27 12:24:12
139,28,4,このURLに記載されてるよ  http://www.gizmodo.jp/2011/09/10-hackers-who-made-history.html,0,2017-12-27 12:24:12,2017-12-27 12:24:12
140,28,5,2600ヘルツ,0,2017-12-27 12:24:12,2017-12-27 12:24:12
141,29,1,わからなければ何でも検索しよう,0,2017-12-27 12:24:12,2017-12-27 12:24:12
142,29,2,Googleで検索するのをオススメするよ,0,2017-12-27 12:24:12,2017-12-27 12:24:12
143,29,3,「メタリカ、ビーチ・ボーイ、ベイビィ・フェイス、ホワイト・アルバム」で検索しよう,0,2017-12-27 12:24:12,2017-12-27 12:24:12
144,29,4,このURLに記載されてるよ http://dic.pixiv.net/a/%E3%82%B8%E3%83%A7%E3%82%B8%E3%83%A7%E3%81%AE%E5%A5%87%E5%A6%99%E3%81%AA%E5%86%92%E9%99%BA%E3%83%BB%E3%82%B9%E3%82%BF%E3%83%B3%E3%83%89%E4%B8%80%E8%A6%A7,0,2017-12-27 12:24:12,2017-12-27 12:24:12
145,29,5,これは全て「ジョジョの奇妙な冒険」というマンガに出てくるキャラクター,0,2017-12-27 12:24:12,2017-12-27 12:24:12
146,30,1,わからなければ何でも検索しよう,0,2017-12-27 12:24:12,2017-12-27 12:24:12
147,30,2,Googleで検索するのをオススメするよ,0,2017-12-27 12:24:12,2017-12-27 12:24:12
148,30,3,「ボヘミアン・ラブソディー、スカイ・ハイ、アンダー・ワールド」で検索しよう,0,2017-12-27 12:24:12,2017-12-27 12:24:12
149,30,4,DIO息子4兄弟って検索結果に出てきたはず,0,2017-12-27 12:24:12,2017-12-27 12:24:12
150,30,5,A〜DのキャラクターでDIOの息子を探そう,0,2017-12-27 12:24:12,2017-12-27 12:24:12
151,31,1,パソコンが被害にあったらまず落ち着く,0,2017-12-27 12:24:12,2017-12-27 12:24:12
152,31,2,URLをクリックしては絶対ダメ,0,2017-12-27 12:24:12,2017-12-27 12:24:12
153,31,3,警察に電話するよりも先にやることがある,0,2017-12-27 12:24:12,2017-12-27 12:24:12
154,31,4,ウィルス対策ソフトでスキャンするよりも先にやることがある,0,2017-12-27 12:24:12,2017-12-27 12:24:12
155,31,5,被害にあったパソコンをネットワークから切り離すことが最優先,0,2017-12-27 12:24:12,2017-12-27 12:24:12
156,32,1,スマホで表示できたならYahooのWebサーバはダウンしてない,0,2017-12-27 12:24:12,2017-12-27 12:24:12
157,32,2,IPアドレスのURLで表示できたのでルーターは稼働している,0,2017-12-27 12:24:12,2017-12-27 12:24:12
158,32,3,187.79.135.206は外部のネットワーク。そこに接続できたということはデフォルトゲートウェイは設定している,0,2017-12-27 12:24:12,2017-12-27 12:24:12
159,32,4,IPアドレスとドメイン名の紐づけを管理しているサーバーをDNSサーバーと呼ぶ,0,2017-12-27 12:24:12,2017-12-27 12:24:12
160,32,5,ドメインの名称解決ができていないということは、新しいパソコンでDNSサーバーを設定していない可能性が大きい,0,2017-12-27 12:24:12,2017-12-27 12:24:12
161,33,1,IPアドレスの情報を確認するにはwhoisコマンドを使います,0,2017-12-27 12:24:12,2017-12-27 12:24:12
162,33,2,「whois 調べたいIPアドレス」のように入力して実行します,0,2017-12-27 12:24:12,2017-12-27 12:24:12
163,33,3,IPアドレス１の国名コードはUSです,0,2017-12-27 12:24:12,2017-12-27 12:24:12
164,33,4,IPアドレス２の国名コードはCNです,0,2017-12-27 12:24:12,2017-12-27 12:24:12
165,33,5,USはアメリカ、CNは中国です,0,2017-12-27 12:24:12,2017-12-27 12:24:12
166,34,1,キャプチャとはネットワークを流れるデータを補足する意味合い,0,2017-12-27 12:24:12,2017-12-27 12:24:12
167,34,2,この問題はネットワークに関する問題です,0,2017-12-27 12:24:12,2017-12-27 12:24:12
168,34,3,Aの外付けハードディスクは無関係です,0,2017-12-27 12:24:12,2017-12-27 12:24:12
169,34,4,LANケーブルだけでは調べることはできません,0,2017-12-27 12:24:12,2017-12-27 12:24:12
170,34,5,バカハブと呼ばれる機器を使います,0,2017-12-27 12:24:12,2017-12-27 12:24:12
171,35,1,ファイルの中身をみるにはエディタが必要,0,2017-12-27 12:24:12,2017-12-27 12:24:12
172,35,2,バイナリエディタを使おう,0,2017-12-27 12:24:12,2017-12-27 12:24:12
173,35,3,vimでもバイナリモードがあるよ,0,2017-12-27 12:24:12,2017-12-27 12:24:12
174,35,4,エディタでファイルを開いたら「hackerz」で検索してみよう,0,2017-12-27 12:24:12,2017-12-27 12:24:12
175,35,5,hackerz{Enjoy Hack},0,2017-12-27 12:24:12,2017-12-27 12:24:12
176,36,1,燃やすと復元できないです,0,2017-12-27 12:24:12,2017-12-27 12:24:12
177,36,2,牛乳につけても意味はありません,0,2017-12-27 12:24:12,2017-12-27 12:24:12
178,36,3,文字が消せるボールペンのインクは温度が一定以上になれば無色に変化します,0,2017-12-27 12:24:12,2017-12-27 12:24:12
179,36,4,熱して無色になるのなら逆に冷まそう,0,2017-12-27 12:24:12,2017-12-27 12:24:12
180,36,5,水につけるだけでは元に戻りません,0,2017-12-27 12:24:12,2017-12-27 12:24:12
181,37,1,古代ローマ時代からあった暗号方式です,0,2017-12-27 12:24:12,2017-12-27 12:24:12
182,37,2,シーザー暗号と呼ばれるのが有名です,0,2017-12-27 12:24:12,2017-12-27 12:24:12
183,37,3,シーザ暗号はアルファベットを数文字ずらします,0,2017-12-27 12:24:12,2017-12-27 12:24:12
184,37,4,力技で暗号文のアルファベットを一文字ずつずらしていくのも一つの手段,0,2017-12-27 12:24:12,2017-12-27 12:24:12
185,37,5,ネットで使える解読ツール http://ango.satoru.net,0,2017-12-27 12:24:12,2017-12-27 12:24:12
186,38,1,画像を見てもヒントとなる建物はなさげ,0,2017-12-27 12:24:12,2017-12-27 12:24:12
187,38,2,HTMLソースを見てもtitleなどにヒントはなさげ,0,2017-12-27 12:24:12,2017-12-27 12:24:12
188,38,3,画像をダウンロードしてみよう,0,2017-12-27 12:24:12,2017-12-27 12:24:12
189,38,4,画像にはExif情報と呼ばれるものが埋め込まれている場合があります。,0,2017-12-27 12:24:12,2017-12-27 12:24:12
190,38,5,画像のExif情報を確認する方法をネットで探してみよう。,0,2017-12-27 12:24:12,2017-12-27 12:24:12
191,39,1,エディタでファイル開き、目視で確認するのも一つの手段だけど超大変,0,2017-12-27 12:24:12,2017-12-27 12:24:12
192,39,2,ファイルの行数をカウントするコマンドがあります,0,2017-12-27 12:24:12,2017-12-27 12:24:12
193,39,3,空の行を除外してカウントできれば・・・,0,2017-12-27 12:24:12,2017-12-27 12:24:12
194,39,4,複数のコマンドはパイプ「|」で連結することができます,0,2017-12-27 12:24:12,2017-12-27 12:24:12
195,39,5,コマンドにはいろいろなオプションが用意されています,0,2017-12-27 12:24:12,2017-12-27 12:24:12
196,40,1,IPアドレスとドメインは紐づけられています,0,2017-12-27 12:24:12,2017-12-27 12:24:12
197,40,2,「hackers.jpn.org」がドメインです,0,2017-12-27 12:24:12,2017-12-27 12:24:12
198,40,3,ドメインからIPアドレスを調べる方法をネットで探そう,0,2017-12-27 12:24:12,2017-12-27 12:24:12
199,40,4,あるコマンドを使うことでIPアドレスが分かります,0,2017-12-27 12:24:12,2017-12-27 12:24:12
200,40,5,ターミナルorコマンドプロンプトで「nslookup hackers.jpn.org」を実行しましょう,0,2017-12-27 12:24:12,2017-12-27 12:24:12
201,41,1,手っ取り早いのはIPアドレスから推測することです,0,2017-12-27 12:24:12,2017-12-27 12:24:12
202,41,2,ドメインのIPアドレスを調べよう,0,2017-12-27 12:24:12,2017-12-27 12:24:12
203,41,3,whoisコマンドでIPアドレスの情報をみてみよう,0,2017-12-27 12:24:12,2017-12-27 12:24:12
204,41,4,Windowsではwhoisコマンドが使えません,0,2017-12-27 12:24:12,2017-12-27 12:24:12
205,41,5,ネットでwhoisコマンドの結果を確認できるサイトがあります「https:://www.cman.jp/network/support/ip.html」,0,2017-12-27 12:24:12,2017-12-27 12:24:12
206,42,1,WebサーバーがIISであればWindowsOSになります。,0,2017-12-27 12:24:12,2017-12-27 12:24:12
207,42,2,このWebサイトはApacheで動いています。,0,2017-12-27 12:24:12,2017-12-27 12:24:12
208,42,3,netcraftというツールorサイトで調べられます。,0,2017-12-27 12:24:12,2017-12-27 12:24:12
209,42,4,https://www.netcraft.com/にアクセスしよう。,0,2017-12-27 12:24:12,2017-12-27 12:24:12
210,42,5,「What\'s that site running?」の箇所に調べたいドメインを入力してみよう。,0,2017-12-27 12:24:12,2017-12-27 12:24:12
211,43,1,.htaccessを使うことでアクセス制限を行えます,0,2017-12-27 12:24:12,2017-12-27 12:24:12
212,43,2,「allow from IPアドレス」と書くとIPアドレスからのアクセスを許可します,0,2017-12-27 12:24:12,2017-12-27 12:24:12
213,43,3,「deny from IPアドレス」と書くとIPアドレスからのアクセスを遮断します,0,2017-12-27 12:24:12,2017-12-27 12:24:12
214,43,4,「IPアドレス/数字」という書き方はIPアドレスを範囲を示すものです,0,2017-12-27 12:24:12,2017-12-27 12:24:12
215,43,5,特定のIPアドレスだけの場合「IPアドレス/32」or「IPアドレス」の2通りの書き方があります,0,2017-12-27 12:24:12,2017-12-27 12:24:12
216,44,1,パケットとはネットワークを流れるデータのことです,0,2017-12-27 12:24:12,2017-12-27 12:24:12
217,44,2,キャプチャとはネットワークに流れるデータを監視・取得することを意味します,0,2017-12-27 12:24:12,2017-12-27 12:24:12
218,44,3,パケットダンプファイルとはネットワークを流れるデータを出力したファイルのことです,0,2017-12-27 12:24:12,2017-12-27 12:24:12
219,44,4,パケットダンプファイルを調べるにはツールが必要です,0,2017-12-27 12:24:12,2017-12-27 12:24:12
220,44,5,WireSharkというツールが有名です,0,2017-12-27 12:24:12,2017-12-27 12:24:12
221,45,1,パケットとはネットワークを流れるデータのことです,0,2017-12-27 12:24:12,2017-12-27 12:24:12
222,45,2,キャプチャとはネットワークに流れるデータを監視・取得することを意味します,0,2017-12-27 12:24:12,2017-12-27 12:24:12
223,45,3,パケットダンプファイルとはネットワークを流れるデータを出力したファイルのことです,0,2017-12-27 12:24:12,2017-12-27 12:24:12
224,45,4,パケットダンプファイルを調べるにはツールが必要です,0,2017-12-27 12:24:12,2017-12-27 12:24:12
225,45,5,WireSharkというツールが有名です,0,2017-12-27 12:24:12,2017-12-27 12:24:12
226,46,1,わからないものは調べましょう(これ以上のヒントはありません),0,2018-03-17 16:02:50,2018-03-17 16:02:50
227,46,2,はい点数減った!,0,2018-03-17 16:02:50,2018-03-17 16:02:50
228,46,3,はい点数また減った!!,0,2018-03-17 16:02:50,2018-03-17 16:02:50
229,46,4,点数がへるだけだよ,0,2018-03-17 16:02:50,2018-03-17 16:02:50
230,46,5,点数がなくなっちゃったね,0,2018-03-17 16:02:50,2018-03-17 16:02:50
231,47,1,わからないものは調べましょう(これ以上のヒントはありません),0,2018-03-17 16:02:50,2018-03-17 16:02:50
232,47,2,はい点数減った!,0,2018-03-17 16:02:50,2018-03-17 16:02:50
233,47,3,はい点数また減った!!,0,2018-03-17 16:02:50,2018-03-17 16:02:50
234,47,4,点数がへるだけだよ,0,2018-03-17 16:02:50,2018-03-17 16:02:50
235,47,5,点数がなくなっちゃったね,0,2018-03-17 16:02:50,2018-03-17 16:02:50
236,48,1,わからないものは調べましょう(これ以上のヒントはありません),0,2018-03-17 16:02:50,2018-03-17 16:02:50
237,48,2,はい点数減った!,0,2018-03-17 16:02:50,2018-03-17 16:02:50
238,48,3,はい点数また減った!!,0,2018-03-17 16:02:50,2018-03-17 16:02:50
239,48,4,点数がへるだけだよ,0,2018-03-17 16:02:50,2018-03-17 16:02:50
240,48,5,点数がなくなっちゃったね,0,2018-03-17 16:02:50,2018-03-17 16:02:50
241,49,1,わからないものは調べましょう(これ以上のヒントはありません),0,2018-03-17 16:02:50,2018-03-17 16:02:50
242,49,2,はい点数減った!,0,2018-03-17 16:02:50,2018-03-17 16:02:50
243,49,3,はい点数また減った!!,0,2018-03-17 16:02:50,2018-03-17 16:02:50
244,49,4,点数がへるだけだよ,0,2018-03-17 16:02:50,2018-03-17 16:02:50
245,49,5,点数がなくなっちゃったね,0,2018-03-17 16:02:50,2018-03-17 16:02:50
246,50,1,わからないものは調べましょう(これ以上のヒントはありません),0,2018-03-17 16:02:50,2018-03-17 16:02:50
247,50,2,はい点数減った!,0,2018-03-17 16:02:50,2018-03-17 16:02:50
248,50,3,はい点数また減った!!,0,2018-03-17 16:02:50,2018-03-17 16:02:50
249,50,4,点数がへるだけだよ,0,2018-03-17 16:02:50,2018-03-17 16:02:50
250,50,5,点数がなくなっちゃったね,0,2018-03-17 16:02:50,2018-03-17 16:02:50
251,51,1,わからないものは調べましょう,0,2018-03-17 16:02:50,2018-03-17 16:02:50
252,51,2,符号化はちがいますよ,0,2018-03-17 16:02:50,2018-03-17 16:02:50
253,51,3,H.263は映像系の符号化(これ以上のヒントはありません),0,2018-03-17 16:02:50,2018-03-17 16:02:50
254,51,4,点数がへるだけだよ,0,2018-03-17 16:02:50,2018-03-17 16:02:50
255,51,5,点数がなくなっちゃったね,0,2018-03-17 16:02:50,2018-03-17 16:02:50
256,52,1,HackerzLab恒例のやつです,0,2018-03-17 16:02:50,2018-03-17 16:02:50
257,52,2,base64で検索,0,2018-03-17 16:02:50,2018-03-17 16:02:50
258,52,3,Decodeしましょう(これ以上のヒントはありません),0,2018-03-17 16:02:50,2018-03-17 16:02:50
259,52,4,点数がへるだけだよ,0,2018-03-17 16:02:50,2018-03-17 16:02:50
260,52,5,点数がなくなっちゃったね,0,2018-03-17 16:02:50,2018-03-17 16:02:50
261,53,1,base64からわかりにくい文字列を取り除いた暗号形式について調べて見てください,0,2018-03-17 16:02:50,2018-03-17 16:02:50
262,53,2,bitcoinでも使われています,0,2018-03-17 16:02:50,2018-03-17 16:02:50
263,53,3,base58について調べてください,0,2018-03-17 16:02:50,2018-03-17 16:02:50
264,53,4,base58をdecodeしてみましょう,0,2018-03-17 16:02:50,2018-03-17 16:02:50
265,53,5,https://www.browserling.com/tools/base58-decode とか使ってみましょう,0,2018-03-17 16:02:50,2018-03-17 16:02:50
266,54,1,fileコマンドで見てみてください,0,2018-03-17 16:02:50,2018-03-17 16:02:50
267,54,2,opensslコマンドを使ってみましょう,0,2018-03-17 16:02:50,2018-03-17 16:02:50
268,54,3,decryptしてください！(これ以上のヒントはありません),0,2018-03-17 16:02:50,2018-03-17 16:02:50
269,54,4,点数がへるだけだよ,0,2018-03-17 16:02:50,2018-03-17 16:02:50
270,54,5,点数がなくなっちゃったね,0,2018-03-17 16:02:50,2018-03-17 16:02:50
271,55,1,どのサービスなら公開鍵を置いてそうですか？,0,2018-03-17 16:02:50,2018-03-17 16:02:50
272,55,2,Githubしかありませんよね,0,2018-03-17 16:02:50,2018-03-17 16:02:50
273,55,3,Githubの公開鍵を見つける方法を探してみてください,0,2018-03-17 16:02:50,2018-03-17 16:02:50
274,55,4,アカウントはnkchanです,0,2018-03-17 16:02:50,2018-03-17 16:02:50
275,55,5,https://github.com/nkchan.keys,0,2018-03-17 16:02:50,2018-03-17 16:02:50
276,56,1,ハッシュ関数がわからない人はそれから調べて見よう,0,2018-03-17 16:02:50,2018-03-17 16:02:50
277,56,2,ハッシュ関数の性質について調べてみよう,0,2018-03-17 16:02:50,2018-03-17 16:02:50
278,56,3,調べてでてきたものが答えです,0,2018-03-17 16:02:50,2018-03-17 16:02:50
279,56,4,一方向性は満たさないと使われてないですね,0,2018-03-17 16:02:50,2018-03-17 16:02:50
280,56,5,ある値を入れたときになにがでてくるかもわかりません,0,2018-03-17 16:02:50,2018-03-17 16:02:50
281,57,1,調べて見ましょう!(これ以上のヒントはありません),0,2018-03-17 16:02:50,2018-03-17 16:02:50
282,57,2,はい点数減った!,0,2018-03-17 16:02:50,2018-03-17 16:02:50
283,57,3,はい点数また減った!!,0,2018-03-17 16:02:50,2018-03-17 16:02:50
284,57,4,点数がへるだけだよ,0,2018-03-17 16:02:50,2018-03-17 16:02:50
285,57,5,点数がなくなっちゃったね,0,2018-03-17 16:02:50,2018-03-17 16:02:50
286,58,1,文字列は3つのブロックにわかれています,0,2018-03-17 16:02:50,2018-03-17 16:02:50
287,58,2,linuxの/ect/shadowについて調べてみてください,0,2018-03-17 16:02:50,2018-03-17 16:02:50
288,58,3,最後のブロックはHash値ですね,0,2018-03-17 16:02:50,2018-03-17 16:02:50
289,58,4,最初の数字はHashの方式ですね,0,2018-03-17 16:02:50,2018-03-17 16:02:50
290,58,5,ではどこがSaltでしょう,0,2018-03-17 16:02:50,2018-03-17 16:02:50
291,59,1,前回の問題の数字の部分について検索してみましょう,0,2018-03-17 16:02:50,2018-03-17 16:02:50
292,59,2,5はsha256です,0,2018-03-17 16:02:50,2018-03-17 16:02:50
293,59,3,それよりbit数の多いHashですね,0,2018-03-17 16:02:50,2018-03-17 16:02:50
294,59,4,調べてみましょう,0,2018-03-17 16:02:50,2018-03-17 16:02:50
295,59,5,256の倍の数ですね,0,2018-03-17 16:02:50,2018-03-17 16:02:50
296,60,1,中を見てみましょう,0,2018-03-17 16:02:50,2018-03-17 16:02:50
297,60,2,知ってる方は知ってると思います,0,2018-03-17 16:02:50,2018-03-17 16:02:50
298,60,3,MD5じゃありませんよ,0,2018-03-17 16:02:50,2018-03-17 16:02:50
299,60,4,Hashをみてみてください,0,2018-03-17 16:02:50,2018-03-17 16:02:50
300,60,5,sha1sumとかのコマンドをたたいでみよう,0,2018-03-17 16:02:50,2018-03-17 16:02:50
301,61,1,わからないものは調べましょう(これ以上のヒントはありません),0,2018-05-12 13:49:43,2018-05-12 13:49:43
302,61,2,はい点数減った!,0,2018-05-12 13:49:43,2018-05-12 13:49:43
303,61,3,はい点数また減った!!,0,2018-05-12 13:49:43,2018-05-12 13:49:43
304,61,4,点数がへるだけだよ,0,2018-05-12 13:49:43,2018-05-12 13:49:43
305,61,5,点数がなくなっちゃったね,0,2018-05-12 13:49:43,2018-05-12 13:49:43
306,62,1,わからないものは調べましょう(これ以上のヒントはありません),0,2018-05-12 13:49:43,2018-05-12 13:49:43
307,62,2,はい点数減った!,0,2018-05-12 13:49:43,2018-05-12 13:49:43
308,62,3,はい点数また減った!!,0,2018-05-12 13:49:43,2018-05-12 13:49:43
309,62,4,点数がへるだけだよ,0,2018-05-12 13:49:43,2018-05-12 13:49:43
310,62,5,点数がなくなっちゃったね,0,2018-05-12 13:49:43,2018-05-12 13:49:43
311,63,1,わからないものは調べましょう(これ以上のヒントはありません),0,2018-05-12 13:49:43,2018-05-12 13:49:43
312,63,2,はい点数減った!,0,2018-05-12 13:49:43,2018-05-12 13:49:43
313,63,3,はい点数また減った!!,0,2018-05-12 13:49:43,2018-05-12 13:49:43
314,63,4,点数がへるだけだよ,0,2018-05-12 13:49:43,2018-05-12 13:49:43
315,63,5,点数がなくなっちゃったね,0,2018-05-12 13:49:43,2018-05-12 13:49:43
316,64,1,わからないものは調べましょう(これ以上のヒントはありません),0,2018-05-12 13:49:43,2018-05-12 13:49:43
317,64,2,はい点数減った!,0,2018-05-12 13:49:43,2018-05-12 13:49:43
318,64,3,はい点数また減った!!,0,2018-05-12 13:49:43,2018-05-12 13:49:43
319,64,4,点数がへるだけだよ,0,2018-05-12 13:49:43,2018-05-12 13:49:43
320,64,5,点数がなくなっちゃったね,0,2018-05-12 13:49:43,2018-05-12 13:49:43
321,65,1,わからないものは調べましょう(これ以上のヒントはありません),0,2018-05-12 13:49:43,2018-05-12 13:49:43
322,65,2,はい点数減った!,0,2018-05-12 13:49:43,2018-05-12 13:49:43
323,65,3,はい点数また減った!!,0,2018-05-12 13:49:43,2018-05-12 13:49:43
324,65,4,点数がへるだけだよ,0,2018-05-12 13:49:43,2018-05-12 13:49:43
325,65,5,点数がなくなっちゃったね,0,2018-05-12 13:49:43,2018-05-12 13:49:43
326,66,1,"わからない単語は調べてみましょう(DNS,DNSブロッキング  etc....)",0,2018-05-12 13:49:43,2018-05-12 13:49:43
327,66,2,「NTT ブロッキング」とかで調べてみよう(これ以上のヒントはありません),0,2018-05-12 13:49:43,2018-05-12 13:49:43
328,66,3,はい点数また減った!!,0,2018-05-12 13:49:43,2018-05-12 13:49:43
329,66,4,点数がへるだけだよ,0,2018-05-12 13:49:43,2018-05-12 13:49:43
330,66,5,点数がなくなっちゃったね,0,2018-05-12 13:49:43,2018-05-12 13:49:43
331,67,1,ファイルの中を見てみよう(改行コードについて知らなかったら調べよう),0,2018-05-12 13:49:43,2018-05-12 13:49:43
332,67,2,どうやって文字数を数えますか？(改行コードを含まないことに注意して下さい),0,2018-05-12 13:49:43,2018-05-12 13:49:43
333,67,3,コマンドを使うならwcコマンドを使おう,0,2018-05-12 13:49:43,2018-05-12 13:49:43
334,67,4,こんなサイトもあります http://www1.odn.ne.jp/megukuma/count.htm (これ以上のヒントはありません),0,2018-05-12 13:49:43,2018-05-12 13:49:43
335,67,5,点数がなくなっちゃったね,0,2018-05-12 13:49:43,2018-05-12 13:49:43
336,68,1,中を見てみましょう,0,2018-05-12 13:49:43,2018-05-12 13:49:43
337,68,2,スプレッドシートとかエクセルを使うと簡単にできるかも？,0,2018-05-12 13:49:43,2018-05-12 13:49:43
338,68,3,さっとプログラミング組むのもありです,0,2018-05-12 13:49:43,2018-05-12 13:49:43
339,68,4,https://github.com/HackerzLab/Vol17/blob/master/Q8.pl (実行して見てください),0,2018-05-12 13:49:43,2018-05-12 13:49:43
340,68,5,perlの実行方法を調べてみよう,0,2018-05-12 13:49:43,2018-05-12 13:49:43
341,69,1,中を見てみましょう,0,2018-05-12 13:49:43,2018-05-12 13:49:43
342,69,2,数字と大文字を消しましょう(エクセルでもできそうです),0,2018-05-12 13:49:43,2018-05-12 13:49:43
343,69,3,そのあと小文字だけ数を数えてください!,0,2018-05-12 13:49:43,2018-05-12 13:49:43
344,69,4,コマンドラインで `perl -pe 's/[A-Z0-9]//g' HLHQuiz3.txt`とかするといいかもですよ,0,2018-05-12 13:49:43,2018-05-12 13:49:43
345,69,5,改行コードもちゃんと外しましょう,0,2018-05-12 13:49:43,2018-05-12 13:49:43
346,70,1,手でもできそうですが，ここは自動でやらせてみましょう,0,2018-05-12 13:49:43,2018-05-12 13:49:43
347,70,2,単語ごとに長さを知るにはどうしたらいいでしょうか,0,2018-05-12 13:49:43,2018-05-12 13:49:43
348,70,3,言語処理100本ノックの問題です,0,2018-05-12 13:49:43,2018-05-12 13:49:43
349,70,4,こんな感じでかけます　https://github.com/HackerzLab/Vol17/blob/master/Q10.pl,0,2018-05-12 13:49:43,2018-05-12 13:49:43
350,70,5,perlの実行方法は調べましょう(これはクラウドの環境でも実行できる),0,2018-05-12 13:49:43,2018-05-12 13:49:43
351,71,1,わからない単語は調べましょう,0,2018-05-12 13:49:43,2018-05-12 13:49:43
352,71,2,AWSはAmazonが提供するクラウドサービスです,0,2018-05-12 13:49:43,2018-05-12 13:49:43
353,71,3,BGP BGPハイジャックについて調べよう,0,2018-05-12 13:49:43,2018-05-12 13:49:43
354,71,4,Lambdaはプログラムを自動で実行する場所です,0,2018-05-12 13:49:43,2018-05-12 13:49:43
355,71,5,GCPはGoogleのクラウドサービスです,0,2018-05-12 13:49:43,2018-05-12 13:49:43
356,72,1,"わからない単語は調べましょう(IPアドレス,ドメイン etc....)",0,2018-05-12 13:49:43,2018-05-12 13:49:43
357,72,2,IPアドレスからドメインを逆引きしてみよう,0,2018-05-12 13:49:43,2018-05-12 13:49:43
358,72,3,各種OSのHPから正引きするのもありですね,0,2018-05-12 13:49:43,2018-05-12 13:49:43
359,72,4,https://www.cman.jp/network/support/ip.html こんなサイトもあります,0,2018-05-12 13:49:43,2018-05-12 13:49:43
360,72,5,whoisコマンドを使ってみるのも手ですね,0,2018-05-12 13:49:43,2018-05-12 13:49:43
361,73,1,IPアドレスのクラスについて調べてみよう,0,2018-05-12 13:49:43,2018-05-12 13:49:43
362,73,2,クラスCはホストアドレス部が8ビットです,0,2018-05-12 13:49:43,2018-05-12 13:49:43
363,73,3,2の8乗個のIPがありますが，クライアントに割り振ることができないものがあります,0,2018-05-12 13:49:43,2018-05-12 13:49:43
364,73,4,ネットワーク全体を指すアドレスについて調べてみてください,0,2018-05-12 13:49:43,2018-05-12 13:49:43
365,73,5,ブロードキャストアドレスについて調べてみてください,0,2018-05-12 13:49:43,2018-05-12 13:49:43
366,74,1,パケット解析ツールであるwiresharkを入れてみよう,0,2018-05-12 13:49:43,2018-05-12 13:49:43
367,74,2,capファイルを開いてみよう,0,2018-05-12 13:49:43,2018-05-12 13:49:43
368,74,3,パケットの中を見てみよう,0,2018-05-12 13:49:43,2018-05-12 13:49:43
369,74,4,中のコンテンツをHTMLに保存しよう,0,2018-05-12 13:49:43,2018-05-12 13:49:43
370,74,5,HTMLの中身を見てみよう,0,2018-05-12 13:49:43,2018-05-12 13:49:43
371,75,1,なかを見てみよう,0,2018-05-12 13:49:43,2018-05-12 13:49:43
372,75,2,TTLの値に注目してみよう,0,2018-05-12 13:49:43,2018-05-12 13:49:43
373,75,3,Port Unreachableをはかせるようなネットワークコマンドはそんなにありません,0,2018-05-12 13:49:43,2018-05-12 13:49:43
374,75,4,3回ずつパケットを送信するのは仕様です(これ以上のヒントはありません),0,2018-05-12 13:49:43,2018-05-12 13:49:43
375,75,5,点数がなくなっちゃったね,0,2018-05-12 13:49:43,2018-05-12 13:49:43